{
  "baseline_a": {
    "inf_count": 0,
    "mse": 253.5737461861229,
    "nan_count": 0,
    "rmse": 15.923999063869694
  },
  "baseline_b": {
    "inf_count": 0,
    "mse": 232.59424491824666,
    "mse_delta_vs_baseline_a": -20.97950126787623,
    "mse_relative_change_percent": -8.273530514660337,
    "nan_count": 0,
    "rmse": 15.251040781476085,
    "rmse_delta_vs_baseline_a": -0.6729582823936084
  },
  "cpu_seconds": 147.383998444,
  "cv_mse": 232.59424491824666,
  "cv_rmse": 15.251040781476085,
  "cv_scheme": "typewell_numeric_fingerprint_group_5fold",
  "data_hash": "ca28bec29d25452b335c4a5a8b0a104897898dd1b28148df9bb1d620136266a8",
  "excluded_fields": [
    "TVT",
    "ANCC",
    "ASTNU",
    "ASTNL",
    "EGFDU",
    "EGFDL",
    "BUDA",
    "Geology",
    "well_id",
    "typewell_group",
    "fold"
  ],
  "feature_columns": [
    "anchor_tvt_input",
    "row_offset",
    "prediction_fraction",
    "md_delta_anchor",
    "x_delta_anchor",
    "y_delta_anchor",
    "z_delta_anchor",
    "gr",
    "gr_delta_anchor",
    "gr_missing",
    "anchor_gr_missing"
  ],
  "fitted_preprocessing": "none",
  "fold_mapping_sha256": "e524dfa3dd43f1a4d2105971f16a5b1b0e0135bdc4d20ea476388310146df9e1",
  "fold_metrics": [
    {
      "baseline_a": {
        "inf_count": 0,
        "inference_seconds": 0.04911961595644243,
        "mse": 271.5395445577022,
        "nan_count": 0,
        "rmse": 16.47845698351949
      },
      "baseline_b": {
        "inf_count": 0,
        "mse": 252.3527973640921,
        "mse_delta_vs_baseline_a": -19.186747193610074,
        "mse_relative_change_percent": -7.065912710748061,
        "nan_count": 0,
        "rmse": 15.885616052394447,
        "rmse_delta_vs_baseline_a": -0.5928409311250427
      },
      "boundary_audit": {
        "quarantined_training_wells": 0,
        "quarantined_validation_wells": 0,
        "training_validation_group_overlap": 0,
        "training_validation_well_overlap": 0
      },
      "comparison": {
        "ordered_row_ids_sha256": "3cc336b88ea58df4ce909b343824e11006ce19a23bb762feac102555d60d806a",
        "prediction_rows": 753744,
        "same_validation_rows": true
      },
      "cpu_seconds": 29.424415486999997,
      "fitted_preprocessing": "none",
      "fold": 0,
      "inference_seconds": 0.39954071398824453,
      "lightgbm_dataset_scope": "training_fold_only",
      "peak_rss_mib": 887.58203125,
      "resource_after": {
        "available_ram_gib": 742.7688941955566,
        "load_average_1m": 1.4453125,
        "logical_cpus": 96,
        "peak_rss_mib": 887.58203125
      },
      "resource_before": {
        "available_ram_gib": 743.1856575012207,
        "load_average_1m": 1.263671875,
        "logical_cpus": 96,
        "peak_rss_mib": 206.08203125
      },
      "train_seconds": 4.474187229003292,
      "training": {
        "folds": [
          1,
          2,
          3,
          4
        ],
        "group_ids_sha256": "297ed0bcf9536db0ad4c5a867cd60bbd84e17fd3f786b8851fb69e696b72d666",
        "groups": 603,
        "prediction_rows": 3016094,
        "well_ids_sha256": "c8a2283b2a2121b913e28658bb5e060835e38923d80f215338f7affdcfa21ea2",
        "wells": 614
      },
      "training_prepare_seconds": 7.785330893995706,
      "validation": {
        "folds": [
          0
        ],
        "group_ids_sha256": "d5ad87c8492f5fd49e7ecbfcdb20dc028975d8d354b4db3ec8ad4f222dc4ea58",
        "groups": 146,
        "prediction_rows": 753744,
        "well_ids_sha256": "993fc9526bc1944f2dd575b7b97e127a7764f7c947df0e59b7c1273c442d56a3",
        "wells": 156
      },
      "validation_prepare_seconds": 2.7239908459887374,
      "wall_seconds": 15.508378005004488
    },
    {
      "baseline_a": {
        "inf_count": 0,
        "inference_seconds": 0.05197908198169898,
        "mse": 188.15693844522872,
        "nan_count": 0,
        "rmse": 13.717030963194212
      },
      "baseline_b": {
        "inf_count": 0,
        "mse": 181.73063615751406,
        "mse_delta_vs_baseline_a": -6.4263022877146625,
        "mse_relative_change_percent": -3.4153947979895083,
        "nan_count": 0,
        "rmse": 13.480750578417881,
        "rmse_delta_vs_baseline_a": -0.23628038477633062
      },
      "boundary_audit": {
        "quarantined_training_wells": 0,
        "quarantined_validation_wells": 0,
        "training_validation_group_overlap": 0,
        "training_validation_well_overlap": 0
      },
      "comparison": {
        "ordered_row_ids_sha256": "f599ec04e8bf1573df907a581bca42a85e5b29e73333cf52fa99aed11543aad7",
        "prediction_rows": 754195,
        "same_validation_rows": true
      },
      "cpu_seconds": 28.832396003000003,
      "fitted_preprocessing": "none",
      "fold": 1,
      "inference_seconds": 0.29283719799423125,
      "lightgbm_dataset_scope": "training_fold_only",
      "peak_rss_mib": 878.28515625,
      "resource_after": {
        "available_ram_gib": 742.6888465881348,
        "load_average_1m": 1.77978515625,
        "logical_cpus": 96,
        "peak_rss_mib": 878.28515625
      },
      "resource_before": {
        "available_ram_gib": 743.106990814209,
        "load_average_1m": 1.4453125,
        "logical_cpus": 96,
        "peak_rss_mib": 228.80078125
      },
      "train_seconds": 4.3619424189964775,
      "training": {
        "folds": [
          0,
          2,
          3,
          4
        ],
        "group_ids_sha256": "aaf478c4d0f16cb844729e90ad77351a6c318da327ff581c6d65fe25b44b1497",
        "groups": 598,
        "prediction_rows": 3015643,
        "well_ids_sha256": "5b930d305d2b0970b5326cb93d0baec37dd953c5a6933e9066e5e9f9574578fb",
        "wells": 617
      },
      "training_prepare_seconds": 7.802118705003522,
      "validation": {
        "folds": [
          1
        ],
        "group_ids_sha256": "98b27f3ecf1bb2784b0363a641cc5a5044404d94edcc38512d2e094429fd40cf",
        "groups": 151,
        "prediction_rows": 754195,
        "well_ids_sha256": "13711fa4159e6ad107fe9784d7f102ea5ce0a9285eab5b43b3ac2d4179793256",
        "wells": 153
      },
      "validation_prepare_seconds": 2.87669918499887,
      "wall_seconds": 15.497277439004392
    },
    {
      "baseline_a": {
        "inf_count": 0,
        "inference_seconds": 0.04851980408420786,
        "mse": 248.837679035405,
        "nan_count": 0,
        "rmse": 15.774589662980302
      },
      "baseline_b": {
        "inf_count": 0,
        "mse": 235.33019341160923,
        "mse_delta_vs_baseline_a": -13.507485623795759,
        "mse_relative_change_percent": -5.4282316392582555,
        "nan_count": 0,
        "rmse": 15.340475657932164,
        "rmse_delta_vs_baseline_a": -0.4341140050481389
      },
      "boundary_audit": {
        "quarantined_training_wells": 0,
        "quarantined_validation_wells": 0,
        "training_validation_group_overlap": 0,
        "training_validation_well_overlap": 0
      },
      "comparison": {
        "ordered_row_ids_sha256": "31de0acbf5be01dcfda4a341249bba2b086f7402a6b0b55d3453445e1d4da0bc",
        "prediction_rows": 753766,
        "same_validation_rows": true
      },
      "cpu_seconds": 29.314464308,
      "fitted_preprocessing": "none",
      "fold": 2,
      "inference_seconds": 0.4221842450060649,
      "lightgbm_dataset_scope": "training_fold_only",
      "peak_rss_mib": 900.94140625,
      "resource_after": {
        "available_ram_gib": 742.5265884399414,
        "load_average_1m": 1.6064453125,
        "logical_cpus": 96,
        "peak_rss_mib": 900.94140625
      },
      "resource_before": {
        "available_ram_gib": 743.0471611022949,
        "load_average_1m": 1.77978515625,
        "logical_cpus": 96,
        "peak_rss_mib": 251.8125
      },
      "train_seconds": 4.475649675994646,
      "training": {
        "folds": [
          0,
          1,
          3,
          4
        ],
        "group_ids_sha256": "c623956b95753e94cb6baa1347365f53f06d4e1d97eb5954c7c327fdfcbbfb28",
        "groups": 598,