{
  "baseline_a": {
    "inf_count": 0,
    "mse": 253.5737461861229,
    "nan_count": 0,
    "rmse": 15.923999063869694
  },
  "baseline_b": {
    "inf_count": 0,
    "mse": 232.51480490543807,
    "mse_delta_vs_baseline_a": -21.05894128068482,
    "mse_relative_change_percent": -8.304858684079848,
    "nan_count": 0,
    "rmse": 15.248436146222932,
    "rmse_delta_vs_baseline_a": -0.6755629176467615
  },
  "cpu_seconds": 160.85511268,
  "cv_mse": 232.51480490543807,
  "cv_rmse": 15.248436146222932,
  "cv_scheme": "typewell_numeric_fingerprint_group_5fold",
  "data_hash": "ca28bec29d25452b335c4a5a8b0a104897898dd1b28148df9bb1d620136266a8",
  "excluded_fields": [
    "TVT",
    "ANCC",
    "ASTNU",
    "ASTNL",
    "EGFDU",
    "EGFDL",
    "BUDA",
    "Geology",
    "well_id",
    "typewell_group",
    "fold"
  ],
  "feature_columns": [
    "anchor_tvt_input",
    "row_offset",
    "prediction_fraction",
    "md_delta_anchor",
    "x_delta_anchor",
    "y_delta_anchor",
    "z_delta_anchor",
    "gr",
    "gr_delta_anchor",
    "gr_missing",
    "anchor_gr_missing",
    "typewell_tvt_prior"
  ],
  "fitted_preprocessing": "none",
  "fold_mapping_sha256": "e524dfa3dd43f1a4d2105971f16a5b1b0e0135bdc4d20ea476388310146df9e1",
  "fold_metrics": [
    {
      "baseline_a": {
        "inf_count": 0,
        "inference_seconds": 0.050681422057095915,
        "mse": 271.5395445577022,
        "nan_count": 0,
        "rmse": 16.47845698351949
      },
      "baseline_b": {
        "inf_count": 0,
        "mse": 253.29811127585864,
        "mse_delta_vs_baseline_a": -18.24143328184354,
        "mse_relative_change_percent": -6.717781497187138,
        "nan_count": 0,
        "rmse": 15.915342009390143,
        "rmse_delta_vs_baseline_a": -0.5631149741293466
      },
      "boundary_audit": {
        "quarantined_training_wells": 0,
        "quarantined_validation_wells": 0,
        "training_validation_group_overlap": 0,
        "training_validation_well_overlap": 0
      },
      "comparison": {
        "ordered_row_ids_sha256": "3cc336b88ea58df4ce909b343824e11006ce19a23bb762feac102555d60d806a",
        "prediction_rows": 753744,
        "same_validation_rows": true
      },
      "cpu_seconds": 31.661541286,
      "fitted_preprocessing": "none",
      "fold": 0,
      "inference_seconds": 0.4283790229819715,
      "lightgbm_dataset_scope": "training_fold_only",
      "peak_rss_mib": 1142.5390625,
      "resource_after": {
        "available_ram_gib": 742.6273460388184,
        "load_average_1m": 0.669921875,
        "logical_cpus": 96,
        "peak_rss_mib": 1142.5390625
      },
      "resource_before": {
        "available_ram_gib": 743.2585182189941,
        "load_average_1m": 0.2666015625,
        "logical_cpus": 96,
        "peak_rss_mib": 207.0
      },
      "train_seconds": 4.807675045012729,
      "training": {
        "folds": [
          1,
          2,
          3,
          4
        ],
        "group_ids_sha256": "297ed0bcf9536db0ad4c5a867cd60bbd84e17fd3f786b8851fb69e696b72d666",
        "groups": 603,
        "prediction_rows": 3016094,
        "well_ids_sha256": "c8a2283b2a2121b913e28658bb5e060835e38923d80f215338f7affdcfa21ea2",
        "wells": 614
      },
      "training_prepare_seconds": 9.006787724007154,
      "validation": {
        "folds": [
          0
        ],
        "group_ids_sha256": "d5ad87c8492f5fd49e7ecbfcdb20dc028975d8d354b4db3ec8ad4f222dc4ea58",
        "groups": 146,
        "prediction_rows": 753744,
        "well_ids_sha256": "993fc9526bc1944f2dd575b7b97e127a7764f7c947df0e59b7c1273c442d56a3",
        "wells": 156
      },
      "validation_prepare_seconds": 3.106252174009569,
      "wall_seconds": 17.627641814004164
    },
    {
      "baseline_a": {
        "inf_count": 0,
        "inference_seconds": 0.04928124166326597,
        "mse": 188.15693844522872,
        "nan_count": 0,
        "rmse": 13.717030963194212
      },
      "baseline_b": {
        "inf_count": 0,
        "mse": 182.02792457482025,
        "mse_delta_vs_baseline_a": -6.129013870408471,
        "mse_relative_change_percent": -3.2573945564024935,
        "nan_count": 0,
        "rmse": 13.491772477136584,
        "rmse_delta_vs_baseline_a": -0.2252584860576281
      },
      "boundary_audit": {
        "quarantined_training_wells": 0,
        "quarantined_validation_wells": 0,
        "training_validation_group_overlap": 0,
        "training_validation_well_overlap": 0
      },
      "comparison": {
        "ordered_row_ids_sha256": "f599ec04e8bf1573df907a581bca42a85e5b29e73333cf52fa99aed11543aad7",
        "prediction_rows": 754195,
        "same_validation_rows": true
      },
      "cpu_seconds": 31.9953249,
      "fitted_preprocessing": "none",
      "fold": 1,
      "inference_seconds": 0.4222209040017333,
      "lightgbm_dataset_scope": "training_fold_only",
      "peak_rss_mib": 1149.6953125,
      "resource_after": {
        "available_ram_gib": 742.7039031982422,
        "load_average_1m": 0.9853515625,
        "logical_cpus": 96,
        "peak_rss_mib": 1149.6953125
      },
      "resource_before": {
        "available_ram_gib": 743.1658935546875,
        "load_average_1m": 0.69677734375,
        "logical_cpus": 96,
        "peak_rss_mib": 230.453125
      },
      "train_seconds": 4.9423733050061855,
      "training": {
        "folds": [
          0,
          2,
          3,
          4
        ],
        "group_ids_sha256": "aaf478c4d0f16cb844729e90ad77351a6c318da327ff581c6d65fe25b44b1497",
        "groups": 598,
        "prediction_rows": 3015643,
        "well_ids_sha256": "5b930d305d2b0970b5326cb93d0baec37dd953c5a6933e9066e5e9f9574578fb",
        "wells": 617
      },
      "training_prepare_seconds": 9.043998290988384,
      "validation": {
        "folds": [
          1
        ],
        "group_ids_sha256": "98b27f3ecf1bb2784b0363a641cc5a5044404d94edcc38512d2e094429fd40cf",
        "groups": 151,
        "prediction_rows": 754195,
        "well_ids_sha256": "13711fa4159e6ad107fe9784d7f102ea5ce0a9285eab5b43b3ac2d4179793256",
        "wells": 153
      },
      "validation_prepare_seconds": 3.041502816020511,
      "wall_seconds": 17.711348495009588
    },
    {
      "baseline_a": {
        "inf_count": 0,
        "inference_seconds": 0.050007793004624546,
        "mse": 248.837679035405,
        "nan_count": 0,
        "rmse": 15.774589662980302
      },
      "baseline_b": {
        "inf_count": 0,
        "mse": 228.77018274163547,
        "mse_delta_vs_baseline_a": -20.067496293769523,
        "mse_relative_change_percent": -8.064492632932126,
        "nan_count": 0,
        "rmse": 15.125150668394529,
        "rmse_delta_vs_baseline_a": -0.6494389945857737
      },
      "boundary_audit": {
        "quarantined_training_wells": 0,
        "quarantined_validation_wells": 0,
        "training_validation_group_overlap": 0,
        "training_validation_well_overlap": 0
      },
      "comparison": {
        "ordered_row_ids_sha256": "31de0acbf5be01dcfda4a341249bba2b086f7402a6b0b55d3453445e1d4da0bc",
        "prediction_rows": 753766,
        "same_validation_rows": true
      },
      "cpu_seconds": 32.244136917999995,
      "fitted_preprocessing": "none",
      "fold": 2,
      "inference_seconds": 0.4086258620081935,
      "lightgbm_dataset_scope": "training_fold_only",
      "peak_rss_mib": 1156.375,
      "resource_after": {
        "available_ram_gib": 742.5670433044434,
        "load_average_1m": 1.2109375,
        "logical_cpus": 96,
        "peak_rss_mib": 1156.375
      },
      "resource_before": {
        "available_ram_gib": 743.0389213562012,
        "load_average_1m": 0.9853515625,
        "logical_cpus": 96,
        "peak_rss_mib": 253.46484375
      },
      "train_seconds": 5.1796204060083255,
      "training": {
        "folds": [
          0,
          1,
          3,
          4
        ],
        "group_ids_sha256": "c623956b95753e94cb6baa1347365f53f06d4e1d97eb5954c7c327fdfcbbfb28",
        "groups": 598,