{
  "baseline_a": {
    "inf_count": 0,
    "mse": 253.5737461861229,
    "nan_count": 0,
    "rmse": 15.923999063869694
  },
  "baseline_b": {
    "inf_count": 0,
    "mse": 221.89162441426177,
    "mse_delta_vs_baseline_a": -31.68212177186112,
    "mse_relative_change_percent": -12.494243685861104,
    "nan_count": 0,
    "rmse": 14.896027135255284,
    "rmse_delta_vs_baseline_a": -1.0279719286144093
  },
  "cpu_seconds": 167.37903816899998,
  "cv_mse": 221.89162441426177,
  "cv_rmse": 14.896027135255284,
  "cv_scheme": "typewell_numeric_fingerprint_group_5fold",
  "data_hash": "ca28bec29d25452b335c4a5a8b0a104897898dd1b28148df9bb1d620136266a8",
  "excluded_fields": [
    "TVT",
    "ANCC",
    "ASTNU",
    "ASTNL",
    "EGFDU",
    "EGFDL",
    "BUDA",
    "Geology",
    "well_id",
    "typewell_group",
    "fold"
  ],
  "feature_columns": [
    "anchor_tvt_input",
    "row_offset",
    "prediction_fraction",
    "md_delta_anchor",
    "x_delta_anchor",
    "y_delta_anchor",
    "z_delta_anchor",
    "gr",
    "gr_delta_anchor",
    "gr_missing",
    "anchor_gr_missing",
    "typewell_gr_slope_100m"
  ],
  "fitted_preprocessing": "none",
  "fold_mapping_sha256": "e524dfa3dd43f1a4d2105971f16a5b1b0e0135bdc4d20ea476388310146df9e1",
  "fold_metrics": [
    {
      "baseline_a": {
        "inf_count": 0,
        "inference_seconds": 0.04953255187137984,
        "mse": 271.5395445577022,
        "nan_count": 0,
        "rmse": 16.47845698351949
      },
      "baseline_b": {
        "inf_count": 0,
        "mse": 237.0709454424809,
        "mse_delta_vs_baseline_a": -34.46859911522128,
        "mse_relative_change_percent": -12.693767742508937,
        "nan_count": 0,
        "rmse": 15.397108346779953,
        "rmse_delta_vs_baseline_a": -1.081348636739536
      },
      "boundary_audit": {
        "quarantined_training_wells": 0,
        "quarantined_validation_wells": 0,
        "training_validation_group_overlap": 0,
        "training_validation_well_overlap": 0
      },
      "comparison": {
        "ordered_row_ids_sha256": "3cc336b88ea58df4ce909b343824e11006ce19a23bb762feac102555d60d806a",
        "prediction_rows": 753744,
        "same_validation_rows": true
      },
      "cpu_seconds": 32.871980973,
      "fitted_preprocessing": "none",
      "fold": 0,
      "inference_seconds": 0.41684350799187087,
      "lightgbm_dataset_scope": "training_fold_only",
      "peak_rss_mib": 1168.0,
      "resource_after": {
        "available_ram_gib": 742.4651374816895,
        "load_average_1m": 0.576171875,
        "logical_cpus": 96,
        "peak_rss_mib": 1168.0
      },
      "resource_before": {
        "available_ram_gib": 743.1123733520508,
        "load_average_1m": 0.09814453125,
        "logical_cpus": 96,
        "peak_rss_mib": 206.25
      },
      "train_seconds": 5.074542943009874,
      "training": {
        "folds": [
          1,
          2,
          3,
          4
        ],
        "group_ids_sha256": "297ed0bcf9536db0ad4c5a867cd60bbd84e17fd3f786b8851fb69e696b72d666",
        "groups": 603,
        "prediction_rows": 3016094,
        "well_ids_sha256": "c8a2283b2a2121b913e28658bb5e060835e38923d80f215338f7affdcfa21ea2",
        "wells": 614
      },
      "training_prepare_seconds": 9.30321982098394,
      "validation": {
        "folds": [
          0
        ],
        "group_ids_sha256": "d5ad87c8492f5fd49e7ecbfcdb20dc028975d8d354b4db3ec8ad4f222dc4ea58",
        "groups": 146,
        "prediction_rows": 753744,
        "well_ids_sha256": "993fc9526bc1944f2dd575b7b97e127a7764f7c947df0e59b7c1273c442d56a3",
        "wells": 156
      },
      "validation_prepare_seconds": 3.0662723089917563,
      "wall_seconds": 18.11762514000293
    },
    {
      "baseline_a": {
        "inf_count": 0,
        "inference_seconds": 0.04922541417181492,
        "mse": 188.15693844522872,
        "nan_count": 0,
        "rmse": 13.717030963194212
      },
      "baseline_b": {
        "inf_count": 0,
        "mse": 168.21577884639635,
        "mse_delta_vs_baseline_a": -19.94115959883237,
        "mse_relative_change_percent": -10.598152671705549,
        "nan_count": 0,
        "rmse": 12.969802575459518,
        "rmse_delta_vs_baseline_a": -0.7472283877346939
      },
      "boundary_audit": {
        "quarantined_training_wells": 0,
        "quarantined_validation_wells": 0,
        "training_validation_group_overlap": 0,
        "training_validation_well_overlap": 0
      },
      "comparison": {
        "ordered_row_ids_sha256": "f599ec04e8bf1573df907a581bca42a85e5b29e73333cf52fa99aed11543aad7",
        "prediction_rows": 754195,
        "same_validation_rows": true
      },
      "cpu_seconds": 33.262658686,
      "fitted_preprocessing": "none",
      "fold": 1,
      "inference_seconds": 0.46140343000297435,
      "lightgbm_dataset_scope": "training_fold_only",
      "peak_rss_mib": 1150.63671875,
      "resource_after": {
        "available_ram_gib": 742.4143562316895,
        "load_average_1m": 0.91796875,
        "logical_cpus": 96,
        "peak_rss_mib": 1150.63671875
      },
      "resource_before": {
        "available_ram_gib": 742.828311920166,
        "load_average_1m": 0.576171875,
        "logical_cpus": 96,
        "peak_rss_mib": 229.18359375
      },
      "train_seconds": 5.169610671990085,
      "training": {
        "folds": [
          0,
          2,
          3,
          4
        ],
        "group_ids_sha256": "aaf478c4d0f16cb844729e90ad77351a6c318da327ff581c6d65fe25b44b1497",
        "groups": 598,
        "prediction_rows": 3015643,
        "well_ids_sha256": "5b930d305d2b0970b5326cb93d0baec37dd953c5a6933e9066e5e9f9574578fb",
        "wells": 617
      },
      "training_prepare_seconds": 9.313946312991902,
      "validation": {
        "folds": [
          1
        ],
        "group_ids_sha256": "98b27f3ecf1bb2784b0363a641cc5a5044404d94edcc38512d2e094429fd40cf",
        "groups": 151,
        "prediction_rows": 754195,
        "well_ids_sha256": "13711fa4159e6ad107fe9784d7f102ea5ce0a9285eab5b43b3ac2d4179793256",
        "wells": 153
      },
      "validation_prepare_seconds": 3.039501609018771,
      "wall_seconds": 18.242194461025065
    },
    {
      "baseline_a": {
        "inf_count": 0,
        "inference_seconds": 0.05202155208098702,
        "mse": 248.837679035405,
        "nan_count": 0,
        "rmse": 15.774589662980302
      },
      "baseline_b": {
        "inf_count": 0,
        "mse": 229.19196763416446,
        "mse_delta_vs_baseline_a": -19.645711401240533,
        "mse_relative_change_percent": -7.8949906129149,
        "nan_count": 0,
        "rmse": 15.13908741087667,
        "rmse_delta_vs_baseline_a": -0.6355022521036329
      },
      "boundary_audit": {
        "quarantined_training_wells": 0,
        "quarantined_validation_wells": 0,
        "training_validation_group_overlap": 0,
        "training_validation_well_overlap": 0
      },
      "comparison": {
        "ordered_row_ids_sha256": "31de0acbf5be01dcfda4a341249bba2b086f7402a6b0b55d3453445e1d4da0bc",
        "prediction_rows": 753766,
        "same_validation_rows": true
      },
      "cpu_seconds": 33.394103879,
      "fitted_preprocessing": "none",
      "fold": 2,
      "inference_seconds": 0.4348425159987528,
      "lightgbm_dataset_scope": "training_fold_only",
      "peak_rss_mib": 1155.953125,
      "resource_after": {
        "available_ram_gib": 742.4295272827148,
        "load_average_1m": 1.16259765625,
        "logical_cpus": 96,
        "peak_rss_mib": 1155.953125
      },
      "resource_before": {
        "available_ram_gib": 742.8626861572266,
        "load_average_1m": 0.91796875,
        "logical_cpus": 96,
        "peak_rss_mib": 252.1953125
      },
      "train_seconds": 5.430896684993058,
      "training": {
        "folds": [
          0,
          1,
          3,
          4
        ],
        "group_ids_sha256": "c623956b95753e94cb6baa1347365f53f06d4e1d97eb5954c7c327fdfcbbfb28",
        "groups": 598,