{
  "baseline_a": {
    "inf_count": 0,
    "mse": 253.5737461861229,
    "nan_count": 0,
    "rmse": 15.923999063869694
  },
  "baseline_b": {
    "inf_count": 0,
    "mse": 224.07168909017,
    "mse_delta_vs_baseline_a": -29.502057095952892,
    "mse_relative_change_percent": -11.634507727901141,
    "nan_count": 0,
    "rmse": 14.969024319913773,
    "rmse_delta_vs_baseline_a": -0.9549747439559209
  },
  "cpu_seconds": 161.18515591599999,
  "cv_mse": 224.07168909017,
  "cv_rmse": 14.969024319913773,
  "cv_scheme": "typewell_numeric_fingerprint_group_5fold",
  "data_hash": "ca28bec29d25452b335c4a5a8b0a104897898dd1b28148df9bb1d620136266a8",
  "excluded_fields": [
    "TVT",
    "ANCC",
    "ASTNU",
    "ASTNL",
    "EGFDU",
    "EGFDL",
    "BUDA",
    "Geology",
    "well_id",
    "typewell_group",
    "fold"
  ],
  "feature_columns": [
    "anchor_tvt_input",
    "row_offset",
    "prediction_fraction",
    "md_delta_anchor",
    "x_delta_anchor",
    "y_delta_anchor",
    "z_delta_anchor",
    "gr",
    "gr_delta_anchor",
    "gr_missing",
    "anchor_gr_missing",
    "last_known_dTVT_dMD"
  ],
  "fitted_preprocessing": "none",
  "fold_mapping_sha256": "e524dfa3dd43f1a4d2105971f16a5b1b0e0135bdc4d20ea476388310146df9e1",
  "fold_metrics": [
    {
      "baseline_a": {
        "inf_count": 0,
        "inference_seconds": 0.04992488698917441,
        "mse": 271.5395445577022,
        "nan_count": 0,
        "rmse": 16.47845698351949
      },
      "baseline_b": {
        "inf_count": 0,
        "mse": 223.7453398945382,
        "mse_delta_vs_baseline_a": -47.79420466316398,
        "mse_relative_change_percent": -17.60119497180924,
        "nan_count": 0,
        "rmse": 14.958119530694297,
        "rmse_delta_vs_baseline_a": -1.520337452825192
      },
      "boundary_audit": {
        "quarantined_training_wells": 0,
        "quarantined_validation_wells": 0,
        "training_validation_group_overlap": 0,
        "training_validation_well_overlap": 0
      },
      "comparison": {
        "ordered_row_ids_sha256": "3cc336b88ea58df4ce909b343824e11006ce19a23bb762feac102555d60d806a",
        "prediction_rows": 753744,
        "same_validation_rows": true
      },
      "cpu_seconds": 31.357109037,
      "fitted_preprocessing": "none",
      "fold": 0,
      "inference_seconds": 0.4835720809933264,
      "lightgbm_dataset_scope": "training_fold_only",
      "peak_rss_mib": 1131.96484375,
      "resource_after": {
        "available_ram_gib": 742.6838607788086,
        "load_average_1m": 0.74560546875,
        "logical_cpus": 96,
        "peak_rss_mib": 1131.96484375
      },
      "resource_before": {
        "available_ram_gib": 743.1643943786621,
        "load_average_1m": 0.36376953125,
        "logical_cpus": 96,
        "peak_rss_mib": 206.25
      },
      "train_seconds": 4.87153329901048,
      "training": {
        "folds": [
          1,
          2,
          3,
          4
        ],
        "group_ids_sha256": "297ed0bcf9536db0ad4c5a867cd60bbd84e17fd3f786b8851fb69e696b72d666",
        "groups": 603,
        "prediction_rows": 3016094,
        "well_ids_sha256": "c8a2283b2a2121b913e28658bb5e060835e38923d80f215338f7affdcfa21ea2",
        "wells": 614
      },
      "training_prepare_seconds": 8.426013365999097,
      "validation": {
        "folds": [
          0
        ],
        "group_ids_sha256": "d5ad87c8492f5fd49e7ecbfcdb20dc028975d8d354b4db3ec8ad4f222dc4ea58",
        "groups": 146,
        "prediction_rows": 753744,
        "well_ids_sha256": "993fc9526bc1944f2dd575b7b97e127a7764f7c947df0e59b7c1273c442d56a3",
        "wells": 156
      },
      "validation_prepare_seconds": 2.8408839679905213,
      "wall_seconds": 16.8700338670169
    },
    {
      "baseline_a": {
        "inf_count": 0,
        "inference_seconds": 0.04824322593049146,
        "mse": 188.15693844522872,
        "nan_count": 0,
        "rmse": 13.717030963194212
      },
      "baseline_b": {
        "inf_count": 0,
        "mse": 183.46421793713043,
        "mse_delta_vs_baseline_a": -4.69272050809829,
        "mse_relative_change_percent": -2.4940459527429604,
        "nan_count": 0,
        "rmse": 13.544896379711822,
        "rmse_delta_vs_baseline_a": -0.1721345834823893
      },
      "boundary_audit": {
        "quarantined_training_wells": 0,
        "quarantined_validation_wells": 0,
        "training_validation_group_overlap": 0,
        "training_validation_well_overlap": 0
      },
      "comparison": {
        "ordered_row_ids_sha256": "f599ec04e8bf1573df907a581bca42a85e5b29e73333cf52fa99aed11543aad7",
        "prediction_rows": 754195,
        "same_validation_rows": true
      },
      "cpu_seconds": 31.473770696999996,
      "fitted_preprocessing": "none",
      "fold": 1,
      "inference_seconds": 0.4734733389923349,
      "lightgbm_dataset_scope": "training_fold_only",
      "peak_rss_mib": 1141.04296875,
      "resource_after": {
        "available_ram_gib": 742.5087966918945,
        "load_average_1m": 0.81884765625,
        "logical_cpus": 96,
        "peak_rss_mib": 1141.04296875
      },
      "resource_before": {
        "available_ram_gib": 743.0694236755371,
        "load_average_1m": 0.76611328125,
        "logical_cpus": 96,
        "peak_rss_mib": 229.3515625
      },
      "train_seconds": 4.965237195021473,
      "training": {
        "folds": [
          0,
          2,
          3,
          4
        ],
        "group_ids_sha256": "aaf478c4d0f16cb844729e90ad77351a6c318da327ff581c6d65fe25b44b1497",
        "groups": 598,
        "prediction_rows": 3015643,
        "well_ids_sha256": "5b930d305d2b0970b5326cb93d0baec37dd953c5a6933e9066e5e9f9574578fb",
        "wells": 617
      },
      "training_prepare_seconds": 8.369222873006947,
      "validation": {
        "folds": [
          1
        ],
        "group_ids_sha256": "98b27f3ecf1bb2784b0363a641cc5a5044404d94edcc38512d2e094429fd40cf",
        "groups": 151,
        "prediction_rows": 754195,
        "well_ids_sha256": "13711fa4159e6ad107fe9784d7f102ea5ce0a9285eab5b43b3ac2d4179793256",
        "wells": 153
      },
      "validation_prepare_seconds": 2.8604790779936593,
      "wall_seconds": 16.91805335500976
    },
    {
      "baseline_a": {
        "inf_count": 0,
        "inference_seconds": 0.05512463572085835,
        "mse": 248.837679035405,
        "nan_count": 0,
        "rmse": 15.774589662980302
      },
      "baseline_b": {
        "inf_count": 0,
        "mse": 233.5060517849968,
        "mse_delta_vs_baseline_a": -15.33162725040819,
        "mse_relative_change_percent": -6.161296516604619,
        "nan_count": 0,
        "rmse": 15.280904809107241,
        "rmse_delta_vs_baseline_a": -0.49368485387306116
      },
      "boundary_audit": {
        "quarantined_training_wells": 0,
        "quarantined_validation_wells": 0,
        "training_validation_group_overlap": 0,
        "training_validation_well_overlap": 0
      },
      "comparison": {
        "ordered_row_ids_sha256": "31de0acbf5be01dcfda4a341249bba2b086f7402a6b0b55d3453445e1d4da0bc",
        "prediction_rows": 753766,
        "same_validation_rows": true
      },
      "cpu_seconds": 32.755430828,
      "fitted_preprocessing": "none",
      "fold": 2,
      "inference_seconds": 0.41145240698824637,
      "lightgbm_dataset_scope": "training_fold_only",
      "peak_rss_mib": 1146.03125,
      "resource_after": {
        "available_ram_gib": 742.276741027832,
        "load_average_1m": 1.091796875,
        "logical_cpus": 96,
        "peak_rss_mib": 1146.03125
      },
      "resource_before": {
        "available_ram_gib": 742.856559753418,
        "load_average_1m": 0.81884765625,
        "logical_cpus": 96,
        "peak_rss_mib": 252.36328125
      },
      "train_seconds": 5.464328297006432,
      "training": {
        "folds": [
          0,
          1,
          3,
          4
        ],
        "group_ids_sha256": "c623956b95753e94cb6baa1347365f53f06d4e1d97eb5954c7c327fdfcbbfb28",