{
  "baseline_a": {
    "inf_count": 0,
    "mse": 253.5737461861229,
    "nan_count": 0,
    "rmse": 15.923999063869694
  },
  "baseline_b": {
    "inf_count": 0,
    "mse": 223.8094636627822,
    "mse_delta_vs_baseline_a": -29.764282523340682,
    "mse_relative_change_percent": -11.7379196273315,
    "nan_count": 0,
    "rmse": 14.960262820645305,
    "rmse_delta_vs_baseline_a": -0.963736243224389
  },
  "cpu_seconds": 159.044308161,
  "cv_mse": 223.8094636627822,
  "cv_rmse": 14.960262820645305,
  "cv_scheme": "typewell_numeric_fingerprint_group_5fold",
  "data_hash": "ca28bec29d25452b335c4a5a8b0a104897898dd1b28148df9bb1d620136266a8",
  "excluded_fields": [
    "TVT",
    "ANCC",
    "ASTNU",
    "ASTNL",
    "EGFDU",
    "EGFDL",
    "BUDA",
    "Geology",
    "well_id",
    "typewell_group",
    "fold"
  ],
  "feature_columns": [
    "anchor_tvt_input",
    "row_offset",
    "prediction_fraction",
    "md_delta_anchor",
    "x_delta_anchor",
    "y_delta_anchor",
    "z_delta_anchor",
    "gr",
    "gr_delta_anchor",
    "gr_missing",
    "anchor_gr_missing",
    "last_known_dTVT_dMD"
  ],
  "fitted_preprocessing": "none",
  "fold_mapping_sha256": "e524dfa3dd43f1a4d2105971f16a5b1b0e0135bdc4d20ea476388310146df9e1",
  "fold_metrics": [
    {
      "baseline_a": {
        "inf_count": 0,
        "inference_seconds": 0.051195583160733804,
        "mse": 271.5395445577022,
        "nan_count": 0,
        "rmse": 16.47845698351949
      },
      "baseline_b": {
        "inf_count": 0,
        "mse": 230.45806347803705,
        "mse_delta_vs_baseline_a": -41.08148107966514,
        "mse_relative_change_percent": -15.129096996380694,
        "nan_count": 0,
        "rmse": 15.180845282066379,
        "rmse_delta_vs_baseline_a": -1.2976117014531106
      },
      "boundary_audit": {
        "quarantined_training_wells": 0,
        "quarantined_validation_wells": 0,
        "training_validation_group_overlap": 0,
        "training_validation_well_overlap": 0
      },
      "comparison": {
        "ordered_row_ids_sha256": "3cc336b88ea58df4ce909b343824e11006ce19a23bb762feac102555d60d806a",
        "prediction_rows": 753744,
        "same_validation_rows": true
      },
      "cpu_seconds": 31.327824567,
      "fitted_preprocessing": "none",
      "fold": 0,
      "inference_seconds": 0.41715984800248407,
      "lightgbm_dataset_scope": "training_fold_only",
      "peak_rss_mib": 1144.26953125,
      "resource_after": {
        "available_ram_gib": 742.6252555847168,
        "load_average_1m": 0.931640625,
        "logical_cpus": 96,
        "peak_rss_mib": 1144.26953125
      },
      "resource_before": {
        "available_ram_gib": 743.2167282104492,
        "load_average_1m": 0.37109375,
        "logical_cpus": 96,
        "peak_rss_mib": 206.25
      },
      "train_seconds": 4.920046475017443,
      "training": {
        "folds": [
          1,
          2,
          3,
          4
        ],
        "group_ids_sha256": "297ed0bcf9536db0ad4c5a867cd60bbd84e17fd3f786b8851fb69e696b72d666",
        "groups": 603,
        "prediction_rows": 3016094,
        "well_ids_sha256": "c8a2283b2a2121b913e28658bb5e060835e38923d80f215338f7affdcfa21ea2",
        "wells": 614
      },
      "training_prepare_seconds": 8.352825523004867,
      "validation": {
        "folds": [
          0
        ],
        "group_ids_sha256": "d5ad87c8492f5fd49e7ecbfcdb20dc028975d8d354b4db3ec8ad4f222dc4ea58",
        "groups": 146,
        "prediction_rows": 753744,
        "well_ids_sha256": "993fc9526bc1944f2dd575b7b97e127a7764f7c947df0e59b7c1273c442d56a3",
        "wells": 156
      },
      "validation_prepare_seconds": 2.9454992889950518,
      "wall_seconds": 16.91749577198061
    },
    {
      "baseline_a": {
        "inf_count": 0,
        "inference_seconds": 0.04868418711703271,
        "mse": 188.15693844522872,
        "nan_count": 0,
        "rmse": 13.717030963194212
      },
      "baseline_b": {
        "inf_count": 0,
        "mse": 174.70354032640523,
        "mse_delta_vs_baseline_a": -13.453398118823486,
        "mse_relative_change_percent": -7.150094081032087,
        "nan_count": 0,
        "rmse": 13.21754668334503,
        "rmse_delta_vs_baseline_a": -0.499484279849181
      },
      "boundary_audit": {
        "quarantined_training_wells": 0,
        "quarantined_validation_wells": 0,
        "training_validation_group_overlap": 0,
        "training_validation_well_overlap": 0
      },
      "comparison": {
        "ordered_row_ids_sha256": "f599ec04e8bf1573df907a581bca42a85e5b29e73333cf52fa99aed11543aad7",
        "prediction_rows": 754195,
        "same_validation_rows": true
      },
      "cpu_seconds": 31.742364443,
      "fitted_preprocessing": "none",
      "fold": 1,
      "inference_seconds": 0.45446479399106465,
      "lightgbm_dataset_scope": "training_fold_only",
      "peak_rss_mib": 1132.09765625,
      "resource_after": {
        "available_ram_gib": 742.5423965454102,
        "load_average_1m": 1.18798828125,
        "logical_cpus": 96,
        "peak_rss_mib": 1132.09765625
      },
      "resource_before": {
        "available_ram_gib": 742.9383354187012,
        "load_average_1m": 0.931640625,
        "logical_cpus": 96,
        "peak_rss_mib": 229.98828125
      },
      "train_seconds": 5.057240197027568,
      "training": {
        "folds": [
          0,
          2,
          3,
          4
        ],
        "group_ids_sha256": "aaf478c4d0f16cb844729e90ad77351a6c318da327ff581c6d65fe25b44b1497",
        "groups": 598,
        "prediction_rows": 3015643,
        "well_ids_sha256": "5b930d305d2b0970b5326cb93d0baec37dd953c5a6933e9066e5e9f9574578fb",
        "wells": 617
      },
      "training_prepare_seconds": 8.396985206985846,
      "validation": {
        "folds": [
          1
        ],
        "group_ids_sha256": "98b27f3ecf1bb2784b0363a641cc5a5044404d94edcc38512d2e094429fd40cf",
        "groups": 151,
        "prediction_rows": 754195,
        "well_ids_sha256": "13711fa4159e6ad107fe9784d7f102ea5ce0a9285eab5b43b3ac2d4179793256",
        "wells": 153
      },
      "validation_prepare_seconds": 2.8824933729774784,
      "wall_seconds": 17.039982966991374
    },
    {
      "baseline_a": {
        "inf_count": 0,
        "inference_seconds": 0.05065716613898985,
        "mse": 248.837679035405,
        "nan_count": 0,
        "rmse": 15.774589662980302
      },
      "baseline_b": {
        "inf_count": 0,
        "mse": 223.97829120144402,
        "mse_delta_vs_baseline_a": -24.859387833960966,
        "mse_relative_change_percent": -9.990202420439685,
        "nan_count": 0,
        "rmse": 14.965904289465573,
        "rmse_delta_vs_baseline_a": -0.808685373514729
      },
      "boundary_audit": {
        "quarantined_training_wells": 0,
        "quarantined_validation_wells": 0,
        "training_validation_group_overlap": 0,
        "training_validation_well_overlap": 0
      },
      "comparison": {
        "ordered_row_ids_sha256": "31de0acbf5be01dcfda4a341249bba2b086f7402a6b0b55d3453445e1d4da0bc",
        "prediction_rows": 753766,
        "same_validation_rows": true
      },
      "cpu_seconds": 31.669513815,
      "fitted_preprocessing": "none",
      "fold": 2,
      "inference_seconds": 0.42381603200919926,
      "lightgbm_dataset_scope": "training_fold_only",
      "peak_rss_mib": 1145.76171875,
      "resource_after": {
        "available_ram_gib": 742.5110397338867,
        "load_average_1m": 1.35498046875,
        "logical_cpus": 96,
        "peak_rss_mib": 1145.76171875
      },
      "resource_before": {
        "available_ram_gib": 742.8923988342285,
        "load_average_1m": 1.18798828125,
        "logical_cpus": 96,
        "peak_rss_mib": 253.0
      },
      "train_seconds": 5.300297098990995,
      "training": {
        "folds": [
          0,
          1,
          3,
          4
        ],
        "group_ids_sha256": "c623956b95753e94cb6baa1347365f53f06d4e1d97eb5954c7c327fdfcbbfb28",